EmployeeID,Age,Gender,MaritalStatus,DistanceFromHome,HomeCity,Education,Department,JobRole,YearsExperience,YearsAtCompany,MonthlyIncome,SalaryHike,StockOptionLevel,JobSatisfaction,EnvironmentSatisfaction,WorkLifeBalance,PerformanceRating,OverTime,NumCompaniesWorked,TrainingTimesLastYear,YearsSinceLastPromotion,Attrition
EMP1000,38,Male,Single,2,Mumbai,Masters,Electrical Engineering,Research Scholar,7,5,42615,4.1,3,2,2,1,1,No,1,0,6,Yes
EMP1001,47,Male,Divorced,3,Hyderabad,PhD,Civil Engineering,Professor,11,2,130851,11.7,1,4,2,4,3,Yes,1,6,2,No
EMP1002,22,Female,Married,5,Delhi,PhD,Physics,Assistant Professor,0,0,73142,12.1,0,4,1,3,3,No,2,6,0,No
EMP1003,55,Male,Married,2,Ahmedabad,PhD,Mathematics,Assistant Professor,9,4,64845,6.6,0,1,1,2,3,Yes,1,6,8,No
EMP1004,30,Female,Married,1,Ahmedabad,PhD,Economics,Associate Professor,6,2,117784,7.4,2,3,2,3,1,Yes,1,4,7,Yes
EMP1005,41,Female,Married,11,Jaipur,Masters,Research & Development,Technical Staff,3,3,25000,8.6,0,3,1,2,1,No,3,3,6,Yes
EMP1006,40,Female,Single,7,Coimbatore,Diploma,Mechanical Engineering,Librarian,8,3,37591,7.6,0,4,2,3,2,Yes,2,5,0,No
EMP1007,25,Female,Divorced,19,Hyderabad,PhD,History,Associate Professor,3,3,103316,11.6,2,4,1,1,1,Yes,1,5,1,No
EMP1008,22,Female,Divorced,5,Bhopal,PhD,Mathematics,Lecturer,0,0,46716,9.6,1,1,1,3,3,Yes,4,2,3,Yes
EMP1009,37,Male,Divorced,11,Hyderabad,Masters,Research & Development,Research Scholar,14,3,42823,13.3,3,1,3,2,2,No,1,6,0,No
EMP1010,35,Male,Divorced,35,Bangalore,PhD,English,Professor,6,4,80248,14.6,1,3,3,2,1,Yes,1,4,4,Yes
EMP1011,28,Female,Single,24,Pune,Masters,Administration,Administrative Officer,5,5,42630,14.3,0,4,2,3,4,Yes,2,4,4,No
EMP1012,32,Female,Divorced,8,Mumbai,Diploma,Mechanical Engineering,Lab Assistant,10,3,37057,10.4,3,4,1,2,2,Yes,2,2,2,No
EMP1013,23,Male,Divorced,42,Ahmedabad,PhD,Chemistry,Professor,1,1,103954,13.1,0,2,1,1,3,Yes,2,4,1,Yes
EMP1014,34,Female,Single,0,Bhopal,PhD,Management,Assistant Professor,1,0,60074,16.1,0,4,4,2,1,Yes,2,5,0,No
EMP1015,33,Female,Married,50,Pune,PhD,Library,Librarian,9,3,30650,13.8,1,1,4,3,1,Yes,2,1,0,Yes
EMP1016,28,Male,Married,11,Ahmedabad,Masters,Physics,Lecturer,6,6,61138,19.4,0,4,1,1,1,Yes,1,6,5,Yes
EMP1017,27,Female,Married,16,Bhopal,PhD,Chemistry,Professor,5,4,109930,15.9,1,4,1,4,3,No,1,2,2,No
EMP1018,40,Female,Single,7,Vadodara,PhD,Chemistry,Associate Professor,3,3,76279,18.9,0,1,3,1,1,No,1,4,1,Yes
EMP1019,32,Male,Single,12,Vadodara,PhD,Mathematics,Professor,10,7,130528,2.0,1,4,1,2,1,Yes,1,3,0,No
EMP1020,23,Female,Single,34,Bangalore,Masters,Mechanical Engineering,Lab Assistant,1,1,33062,12.4,0,3,4,2,3,No,3,2,0,Yes
EMP1021,36,Male,Single,17,Visakhapatnam,Masters,Management,Lecturer,11,4,40265,10.7,2,3,1,2,3,No,2,1,0,No
EMP1022,44,Female,Divorced,16,Coimbatore,Bachelors,Administration,Administrative Officer,4,4,43302,11.5,2,1,2,3,1,Yes,1,5,1,Yes
EMP1023,27,Female,Divorced,33,Jaipur,PhD,Chemistry,Associate Professor,4,3,95117,8.8,0,4,3,1,1,No,4,6,0,Yes
EMP1024,27,Female,Single,2,Kolkata,Masters,Mechanical Engineering,Research Scholar,5,4,34313,13.6,0,4,4,1,1,Yes,4,5,7,No
EMP1025,38,Female,Divorced,28,Ahmedabad,PhD,Management,Assistant Professor,7,1,54851,4.8,0,1,3,3,1,No,1,1,2,No
EMP1026,36,Female,Divorced,14,Kanpur,Masters,Research & Development,Administrative Officer,9,1,41229,13.6,0,2,2,2,4,Yes,2,1,6,No
EMP1027,41,Female,Divorced,5,Pune,Bachelors,Library,Librarian,12,1,51056,8.9,2,2,1,4,1,No,5,1,4,No
EMP1028,45,Female,Married,6,Jaipur,PhD,Biology,Associate Professor,11,4,92642,10.0,2,2,4,3,3,Yes,1,6,2,No
EMP1029,34,Female,Divorced,13,Chennai,Bachelors,Library,Librarian,5,0,42858,13.8,0,1,1,3,2,No,1,0,0,Yes
EMP1030,31,Female,Divorced,22,Vadodara,PhD,Administration,Support Staff,9,4,31378,12.3,0,4,2,3,1,No,1,0,0,No
EMP1031,35,Male,Married,19,Lucknow,PhD,History,Assistant Professor,5,5,76339,16.2,0,3,3,4,3,No,3,5,0,No
EMP1032,28,Male,Married,7,Bhopal,Masters,Mechanical Engineering,Administrative Officer,6,5,46926,8.1,1,3,4,1,3,No,1,1,0,No
EMP1033,49,Female,Married,46,Ahmedabad,PhD,Economics,Associate Professor,9,0,103767,11.7,0,2,1,3,3,Yes,3,6,0,No
EMP1034,45,Male,Single,9,Indore,PhD,Physics,Professor,5,5,135492,15.6,3,4,1,4,4,Yes,1,5,2,No
EMP1035,24,Male,Single,14,Ahmedabad,PhD,Mechanical Engineering,Professor,2,0,93996,13.4,2,4,2,2,4,Yes,1,4,1,No
EMP1036,35,Male,Married,2,Jaipur,Bachelors,Physics,Research Scholar,13,5,39548,13.7,0,4,4,4,2,No,1,3,3,No
EMP1037,35,Female,Divorced,7,Bangalore,PhD,Economics,Assistant Professor,6,4,76621,16.4,1,3,2,3,3,No,4,4,9,Yes
EMP1038,31,Male,Married,0,Pune,PhD,Electrical Engineering,Assistant Professor,8,6,65354,10.4,3,4,4,3,4,No,2,0,3,No
EMP1039,42,Female,Divorced,4,Bhopal,PhD,Electrical Engineering,Professor,9,6,132592,9.5,1,4,1,3,3,No,1,6,4,No
EMP1040,34,Male,Married,6,Coimbatore,Masters,Chemistry,Lecturer,8,7,45267,14.3,0,4,3,4,2,No,5,1,6,Yes
EMP1041,45,Female,Divorced,7,Indore,PhD,Civil Engineering,Professor,8,6,113794,11.4,0,4,2,4,2,Yes,1,2,7,No
EMP1042,32,Female,Married,8,Bangalore,Masters,English,Assistant Professor,5,5,80652,16.5,2,1,4,1,1,No,1,1,3,No
EMP1043,41,Male,Single,11,Jaipur,PhD,Chemistry,Professor,10,1,119823,13.5,1,2,2,4,1,Yes,3,3,0,No
EMP1044,39,Male,Divorced,25,Pune,PhD,Civil Engineering,Associate Professor,13,2,93057,9.5,1,3,1,1,3,No,1,3,0,Yes
EMP1045,44,Male,Single,1,Kanpur,PhD,Electrical Engineering,Research Scholar,6,2,41800,13.4,2,1,3,4,3,Yes,4,4,2,Yes
EMP1046,34,Female,Married,20,Jaipur,PhD,Mathematics,Assistant Professor,6,4,61727,8.4,2,4,2,3,4,No,3,3,6,No
EMP1047,36,Male,Single,50,Patna,PhD,Biology,Associate Professor,8,4,78404,15.8,3,4,3,1,4,No,3,1,2,Yes
EMP1048,41,Female,Married,4,Patna,PhD,Biology,Assistant Professor,8,8,61917,6.4,0,1,2,4,4,Yes,1,5,1,No
EMP1049,28,Female,Married,5,Coimbatore,Bachelors,Administration,Administrative Officer,6,5,55009,16.9,1,2,4,2,3,No,2,3,7,No
EMP1050,40,Female,Divorced,30,Pune,Bachelors,Management,Lab Assistant,13,6,38941,13.3,2,4,3,3,3,Yes,1,0,0,No
EMP1051,44,Male,Single,50,Mumbai,PhD,Chemistry,Assistant Professor,6,0,83538,11.3,2,2,3,2,3,Yes,4,2,0,No
EMP1052,37,Male,Married,43,Patna,Bachelors,Computer Science,Research Scholar,9,8,36562,15.1,1,2,4,1,1,No,2,3,0,Yes
EMP1053,35,Male,Single,14,Lucknow,PhD,Biology,Professor,10,6,97507,14.0,0,4,4,1,1,Yes,1,1,3,Yes
EMP1054,47,Male,Single,12,Delhi,Masters,Management,Administrative Officer,8,7,40540,17.3,2,4,4,4,3,No,3,2,0,No
EMP1055,40,Male,Single,2,Bhopal,Masters,Mechanical Engineering,Lecturer,13,1,55488,17.3,2,2,2,2,1,Yes,1,0,1,Yes
EMP1056,22,Female,Married,6,Coimbatore,Masters,Computer Science,Assistant Professor,0,0,68629,13.4,0,1,2,3,2,No,3,0,5,Yes
EMP1057,34,Male,Married,50,Visakhapatnam,PhD,Library,Librarian,11,3,26682,8.5,1,1,2,3,3,No,2,0,0,No
EMP1058,37,Female,Married,34,Jaipur,Diploma,Management,Technical Staff,4,2,31526,9.8,0,4,1,1,4,No,2,4,0,Yes
EMP1059,28,Male,Divorced,6,Hyderabad,PhD,Library,Librarian,5,0,38467,11.7,0,3,1,2,4,No,2,2,4,No
EMP1060,29,Female,Divorced,24,Chennai,PhD,Library,Librarian,7,3,38232,16.3,0,4,3,4,3,No,2,5,1,No
EMP1061,53,Female,Married,20,Kanpur,Bachelors,Electrical Engineering,Librarian,6,2,25000,10.2,1,4,1,4,1,No,1,2,0,No
EMP1062,39,Female,Divorced,1,Visakhapatnam,Diploma,Library,Librarian,9,9,48956,10.5,1,4,1,2,3,No,2,5,0,No
EMP1063,33,Male,Married,5,Coimbatore,Masters,Management,Assistant Professor,7,0,63456,19.4,1,4,1,1,2,Yes,1,2,6,Yes
EMP1064,48,Female,Single,1,Ahmedabad,Masters,Chemistry,Lecturer,11,3,61839,11.6,1,4,3,3,4,No,3,3,0,No
EMP1065,27,Male,Married,6,Mumbai,Masters,Chemistry,Research Scholar,2,2,44547,9.5,2,1,3,4,3,No,3,6,0,Yes
EMP1066,29,Female,Divorced,2,Kanpur,Masters,Civil Engineering,Librarian,6,2,33088,15.1,0,4,4,3,3,No,1,3,2,No
EMP1067,37,Male,Divorced,50,Kolkata,PhD,History,Lecturer,7,3,42739,11.8,0,4,4,4,2,No,3,0,3,No
EMP1068,35,Female,Single,22,Patna,PhD,Library,Librarian,11,0,44346,6.4,2,4,1,2,4,Yes,1,0,1,No
EMP1069,22,Female,Married,5,Bangalore,PhD,Civil Engineering,Administrative Officer,0,0,32765,16.2,0,3,4,3,4,Yes,1,4,1,Yes
EMP1070,29,Female,Single,0,Delhi,PhD,Electrical Engineering,Associate Professor,7,1,84231,9.0,3,1,1,4,2,No,3,0,3,Yes
EMP1071,39,Male,Married,6,Indore,Masters,English,Lecturer,13,0,43624,12.2,2,4,2,2,2,Yes,3,4,3,No
EMP1072,35,Male,Married,2,Mumbai,Masters,Research & Development,Support Staff,7,7,42035,11.7,1,2,4,3,4,No,2,5,0,No
EMP1073,39,Female,Married,31,Jaipur,Masters,Mechanical Engineering,Technical Staff,12,0,42886,12.9,3,1,4,3,3,No,3,5,1,Yes
EMP1074,43,Female,Single,34,Indore,PhD,History,Professor,4,0,120321,3.2,0,4,3,3,3,Yes,3,6,0,Yes
EMP1075,36,Male,Divorced,23,Kolkata,Bachelors,Electrical Engineering,Librarian,10,1,36797,10.7,0,2,3,2,2,No,4,5,1,No
EMP1076,41,Male,Married,21,Pune,Bachelors,Administration,Administrative Officer,4,4,36178,16.5,1,2,1,3,3,No,3,1,5,Yes
EMP1077,32,Female,Divorced,3,Bangalore,Masters,Management,Research Scholar,4,2,36886,17.1,0,3,4,3,3,Yes,4,3,0,Yes
EMP1078,26,Male,Divorced,7,Nagpur,Bachelors,Electrical Engineering,Administrative Officer,4,4,46684,8.0,3,1,4,1,3,Yes,2,3,2,Yes
EMP1079,54,Female,Divorced,17,Visakhapatnam,PhD,History,Professor,8,4,134515,15.7,0,4,1,3,2,Yes,2,5,2,No
EMP1080,24,Female,Divorced,38,Coimbatore,PhD,History,Associate Professor,2,2,91501,9.0,1,1,3,4,1,Yes,1,1,12,Yes
EMP1081,55,Female,Married,6,Delhi,Diploma,Mechanical Engineering,Technical Staff,10,2,38932,10.5,1,2,4,1,4,No,1,2,1,No
EMP1082,41,Male,Married,6,Visakhapatnam,Masters,Economics,Assistant Professor,0,0,76281,10.7,1,3,1,4,3,Yes,2,0,1,Yes
EMP1083,33,Male,Divorced,36,Coimbatore,PhD,Mechanical Engineering,Support Staff,6,0,39565,12.4,0,1,3,2,2,Yes,2,0,0,Yes
EMP1084,26,Male,Single,50,Mumbai,PhD,English,Research Scholar,4,1,34177,16.0,0,3,2,2,3,Yes,2,0,4,Yes
EMP1085,36,Female,Single,0,Chennai,PhD,Civil Engineering,Lab Assistant,7,2,35625,13.1,2,2,3,1,2,No,2,4,4,No
EMP1086,46,Female,Married,12,Patna,Diploma,Administration,Administrative Officer,0,0,30074,11.5,0,2,1,3,4,Yes,1,0,5,No
EMP1087,33,Female,Divorced,7,Coimbatore,Masters,Mathematics,Lecturer,10,6,39387,15.9,2,3,2,1,2,No,1,4,0,No
EMP1088,42,Female,Divorced,0,Ahmedabad,Diploma,Management,Research Scholar,13,6,29354,8.8,1,4,1,1,2,No,1,3,4,No
EMP1089,39,Female,Married,4,Bangalore,Masters,History,Assistant Professor,3,2,67707,11.7,2,3,3,2,4,Yes,5,0,1,Yes
EMP1090,22,Male,Divorced,7,Bhopal,Masters,Electrical Engineering,Lab Assistant,0,0,33469,16.0,2,1,3,1,4,No,2,6,1,Yes
EMP1091,22,Male,Married,21,Chennai,Bachelors,Civil Engineering,Research Scholar,0,0,34516,14.1,0,1,2,2,4,Yes,1,6,2,Yes
EMP1092,35,Female,Single,4,Lucknow,Diploma,Administration,Administrative Officer,8,2,39544,10.1,1,1,3,1,2,No,2,5,0,No
EMP1093,24,Female,Single,12,Bhopal,Diploma,Physics,Research Scholar,2,0,37759,5.9,2,1,2,1,1,Yes,2,3,0,Yes
EMP1094,37,Male,Married,2,Visakhapatnam,PhD,Biology,Research Scholar,11,8,40071,13.2,1,1,2,2,1,Yes,3,2,0,No
EMP1095,39,Female,Divorced,4,Lucknow,PhD,Economics,Assistant Professor,5,4,62446,5.7,3,3,4,1,3,No,1,4,1,Yes
EMP1096,27,Female,Divorced,16,Mumbai,PhD,Computer Science,Associate Professor,5,1,129485,11.1,1,2,2,3,3,No,3,0,0,No
EMP1097,30,Female,Single,6,Visakhapatnam,Masters,Physics,Research Scholar,8,8,34519,16.7,0,3,1,4,1,No,1,0,0,No
EMP1098,34,Female,Divorced,4,Visakhapatnam,PhD,History,Lecturer,12,2,64499,14.4,0,1,4,1,3,Yes,3,6,2,No
EMP1099,29,Female,Single,3,Kanpur,PhD,History,Associate Professor,7,3,99310,3.9,3,4,1,4,3,No,5,1,5,No
EMP1100,34,Male,Divorced,2,Jaipur,PhD,Mechanical Engineering,Associate Professor,1,1,93115,12.8,0,3,3,2,2,Yes,2,1,3,Yes
EMP1101,38,Male,Divorced,27,Visakhapatnam,PhD,Mathematics,Lecturer,7,7,49356,10.7,2,3,3,2,4,Yes,2,3,2,No
EMP1102,31,Female,Divorced,6,Lucknow,PhD,Computer Science,Research Scholar,6,4,32606,6.9,2,3,4,4,1,Yes,1,2,1,Yes
EMP1103,46,Male,Divorced,32,Patna,Diploma,Civil Engineering,Technical Staff,8,7,28115,13.3,0,4,1,4,2,No,2,4,6,No
EMP1104,40,Male,Married,7,Nagpur,PhD,Mathematics,Professor,8,7,106331,10.0,0,1,2,4,4,Yes,5,2,1,No
EMP1105,28,Female,Married,5,Kolkata,Bachelors,Administration,Administrative Officer,6,3,33561,10.1,2,1,3,1,4,No,1,2,0,Yes
EMP1106,22,Male,Married,44,Bhopal,PhD,Biology,Associate Professor,0,0,100239,12.5,0,3,4,3,2,Yes,1,5,1,Yes
EMP1107,53,Male,Married,10,Lucknow,PhD,Biology,Associate Professor,5,5,114316,9.5,2,4,2,2,2,Yes,1,0,0,No
EMP1108,39,Male,Divorced,50,Hyderabad,Bachelors,Administration,Administrative Officer,5,2,38655,12.4,1,2,4,2,2,Yes,4,6,4,No
EMP1109,28,Male,Married,3,Visakhapatnam,PhD,English,Lecturer,6,2,55063,9.6,1,2,2,3,4,Yes,3,2,6,No
EMP1110,30,Female,Married,15,Patna,Diploma,Management,Technical Staff,6,4,42675,9.8,2,2,2,2,3,Yes,1,5,1,No
EMP1111,23,Male,Divorced,1,Kolkata,PhD,Library,Librarian,1,1,54356,16.0,0,3,1,2,3,No,2,4,5,No
EMP1112,22,Male,Single,6,Indore,Bachelors,Library,Librarian,0,0,42745,16.4,1,1,4,1,4,No,2,1,6,Yes
EMP1113,39,Female,Single,17,Kolkata,PhD,Computer Science,Professor,12,6,130145,5.2,0,2,2,1,3,No,3,5,6,No
EMP1114,33,Female,Married,2,Lucknow,PhD,Civil Engineering,Professor,8,7,103661,15.0,0,1,3,2,2,No,3,0,1,Yes
EMP1115,36,Male,Single,15,Kolkata,Diploma,Chemistry,Research Scholar,8,0,38731,17.6,1,1,1,4,1,Yes,2,5,4,Yes
EMP1116,39,Male,Divorced,40,Patna,Diploma,English,Research Scholar,8,7,27792,18.2,2,2,1,3,1,Yes,1,3,8,Yes
EMP1117,31,Female,Married,1,Coimbatore,Masters,Biology,Assistant Professor,8,7,59734,14.1,0,2,1,3,2,Yes,2,2,0,Yes
EMP1118,37,Male,Divorced,22,Pune,PhD,Economics,Associate Professor,5,3,59471,7.8,1,1,4,1,3,Yes,2,0,17,No
EMP1119,23,Female,Married,17,Delhi,Diploma,Management,Administrative Officer,0,0,35983,14.5,1,3,1,2,3,No,1,6,3,No
EMP1120,24,Female,Married,8,Vadodara,PhD,Mathematics,Lecturer,2,2,49206,8.5,0,4,3,2,4,No,2,2,12,Yes
EMP1121,42,Male,Divorced,0,Visakhapatnam,PhD,History,Lecturer,7,1,44647,10.6,0,3,1,1,3,No,3,2,10,Yes
EMP1122,37,Female,Single,27,Delhi,Bachelors,Electrical Engineering,Librarian,7,6,45780,13.5,3,4,1,3,4,No,2,5,0,No
EMP1123,36,Female,Married,1,Nagpur,PhD,Management,Assistant Professor,10,3,84401,8.8,2,4,1,2,1,Yes,1,6,3,No
EMP1124,24,Male,Divorced,13,Jaipur,Masters,Physics,Assistant Professor,2,1,69857,7.4,1,1,2,3,4,No,2,5,1,Yes
EMP1125,31,Male,Single,17,Lucknow,Masters,Electrical Engineering,Assistant Professor,0,0,77604,13.9,1,1,3,3,4,Yes,2,4,1,Yes
EMP1126,32,Female,Single,18,Bangalore,PhD,Mathematics,Professor,6,6,119547,19.5,0,2,4,1,3,No,1,5,1,No
EMP1127,27,Female,Married,1,Patna,Masters,Library,Librarian,5,3,39310,17.0,1,3,2,1,2,Yes,1,1,2,Yes
EMP1128,42,Female,Married,1,Bhopal,PhD,Administration,Administrative Officer,10,2,36440,14.8,1,1,3,4,4,No,2,6,8,No
EMP1129,35,Male,Single,18,Chennai,PhD,English,Lecturer,5,5,53147,15.9,1,2,2,2,4,Yes,3,6,6,No
EMP1130,45,Female,Single,11,Lucknow,PhD,Physics,Associate Professor,8,8,79662,14.6,0,3,1,3,2,No,1,1,0,No
EMP1131,29,Male,Divorced,50,Jaipur,PhD,Mechanical Engineering,Assistant Professor,6,3,74241,13.8,0,3,1,1,1,Yes,1,5,4,No
EMP1132,34,Female,Divorced,3,Visakhapatnam,PhD,Mechanical Engineering,Professor,12,9,128726,15.6,0,3,3,4,2,No,3,2,3,No
EMP1133,32,Male,Single,20,Kolkata,Masters,Economics,Lecturer,1,1,55177,6.5,3,3,2,3,3,No,2,3,13,No
EMP1134,22,Male,Married,31,Indore,PhD,Chemistry,Professor,0,0,155616,12.8,1,4,2,2,1,Yes,2,2,2,No
EMP1135,46,Female,Single,18,Lucknow,Bachelors,Library,Librarian,13,2,43166,11.7,1,3,2,2,4,No,2,3,10,No
EMP1136,37,Male,Married,30,Patna,Masters,Management,Librarian,6,0,39596,12.3,0,2,3,1,1,No,2,3,2,Yes
EMP1137,32,Male,Single,22,Coimbatore,Masters,History,Assistant Professor,3,0,81608,10.2,0,3,1,4,1,Yes,1,2,10,Yes
EMP1138,22,Female,Divorced,26,Kolkata,PhD,Economics,Assistant Professor,0,0,72541,14.1,2,1,4,3,3,No,1,6,2,Yes
EMP1139,28,Female,Divorced,9,Kanpur,PhD,Computer Science,Professor,6,6,144450,8.7,1,3,4,4,2,Yes,4,2,0,No
EMP1140,34,Female,Divorced,0,Chennai,Diploma,English,Research Scholar,7,6,35259,9.9,1,3,4,1,3,No,1,5,1,No
EMP1141,33,Female,Divorced,2,Indore,Diploma,Library,Librarian,9,2,40074,9.4,0,3,2,1,4,Yes,2,4,9,Yes
EMP1142,42,Male,Single,10,Pune,PhD,Civil Engineering,Associate Professor,9,6,46556,15.5,2,1,4,3,4,Yes,1,3,0,Yes
EMP1143,43,Female,Divorced,50,Visakhapatnam,PhD,Electrical Engineering,Professor,3,3,98931,12.0,0,2,3,4,4,No,1,1,3,No
EMP1144,43,Female,Divorced,27,Lucknow,Diploma,English,Research Scholar,7,5,30414,10.2,0,2,2,3,3,Yes,5,2,0,No
EMP1145,36,Female,Married,16,Kolkata,Bachelors,Economics,Research Scholar,9,0,38342,10.5,1,3,1,4,4,No,2,6,3,No
EMP1146,34,Female,Divorced,12,Ahmedabad,PhD,Mathematics,Lecturer,9,4,53375,12.0,0,2,2,3,3,Yes,3,0,3,Yes
EMP1147,39,Male,Divorced,25,Hyderabad,PhD,Chemistry,Professor,10,3,147514,18.5,0,3,4,1,2,Yes,1,4,2,Yes
EMP1148,24,Female,Married,8,Bhopal,PhD,Mechanical Engineering,Lecturer,1,1,62420,7.1,1,3,1,1,2,Yes,1,1,0,No
EMP1149,36,Male,Single,9,Chennai,Diploma,Library,Librarian,5,5,52271,14.7,1,2,3,1,1,No,3,4,0,No
EMP1150,25,Female,Married,11,Hyderabad,Diploma,Economics,Research Scholar,1,1,25879,13.9,2,2,4,3,2,Yes,5,2,0,No
EMP1151,32,Female,Divorced,1,Chennai,PhD,Physics,Assistant Professor,9,3,75530,8.5,1,2,4,4,3,Yes,1,3,1,Yes
EMP1152,42,Male,Married,14,Mumbai,PhD,English,Professor,5,0,127936,17.9,0,4,2,4,3,No,2,2,0,No
EMP1153,39,Female,Divorced,18,Lucknow,PhD,Chemistry,Professor,4,4,93319,14.2,0,3,2,4,3,Yes,1,5,2,No
EMP1154,46,Male,Single,15,Bangalore,PhD,Physics,Associate Professor,7,2,90955,10.0,3,3,4,4,2,Yes,4,5,0,No
EMP1155,23,Female,Single,22,Vadodara,PhD,Research & Development,Support Staff,1,0,34456,4.6,1,1,2,2,2,No,2,6,3,Yes
EMP1156,36,Male,Divorced,2,Delhi,PhD,Civil Engineering,Librarian,4,4,30097,12.9,2,4,1,4,2,No,3,3,0,No
EMP1157,44,Female,Divorced,7,Delhi,PhD,Computer Science,Assistant Professor,14,0,72677,11.8,0,1,1,4,3,Yes,3,4,3,No
EMP1158,23,Male,Married,50,Bangalore,Masters,Computer Science,Lecturer,0,0,58832,7.9,1,4,3,4,4,No,1,3,0,No
EMP1159,39,Male,Divorced,1,Mumbai,PhD,Library,Librarian,14,2,38371,7.8,0,2,4,2,2,Yes,2,6,0,No
EMP1160,30,Female,Divorced,24,Jaipur,Diploma,Electrical Engineering,Technical Staff,7,1,40267,15.5,1,4,2,2,4,No,1,1,6,Yes
EMP1161,38,Male,Single,16,Delhi,Masters,Administration,Administrative Officer,16,0,30132,4.2,3,2,1,1,1,No,4,4,0,Yes
EMP1162,39,Male,Married,3,Kanpur,Masters,Economics,Research Scholar,8,5,30396,13.3,3,1,2,3,2,No,1,4,1,Yes
EMP1163,29,Male,Divorced,39,Nagpur,PhD,Management,Lecturer,7,7,54873,11.3,1,3,1,2,4,No,1,0,0,No
EMP1164,44,Female,Divorced,1,Kolkata,PhD,English,Lecturer,8,8,53146,14.0,1,4,2,4,2,Yes,1,2,5,No
EMP1165,40,Male,Divorced,1,Bangalore,Masters,History,Research Scholar,11,1,28343,10.8,3,4,2,3,2,No,3,5,1,No
EMP1166,38,Female,Single,50,Pune,PhD,Management,Lecturer,16,3,56707,13.2,1,4,1,1,2,Yes,3,3,5,No
EMP1167,42,Female,Married,23,Ahmedabad,PhD,Research & Development,Professor,6,4,126433,9.0,0,2,1,4,2,Yes,1,3,1,No
EMP1168,39,Female,Married,15,Kanpur,Masters,Economics,Assistant Professor,4,4,69908,11.8,1,3,4,4,1,No,1,6,5,No
EMP1169,34,Female,Married,2,Pune,Masters,History,Research Scholar,11,8,37789,14.0,0,2,1,3,4,No,2,1,1,No
EMP1170,39,Female,Divorced,10,Nagpur,Diploma,Library,Librarian,8,0,34827,12.6,1,3,3,4,4,No,1,1,3,Yes
EMP1171,39,Female,Single,0,Ahmedabad,PhD,Research & Development,Technical Staff,2,1,43337,13.5,1,1,1,1,1,No,2,1,15,Yes
EMP1172,36,Male,Single,17,Mumbai,Masters,Chemistry,Lecturer,6,2,47580,8.3,1,4,4,1,1,No,1,0,2,No
EMP1173,22,Female,Divorced,8,Vadodara,Diploma,Biology,Research Scholar,0,0,46443,9.6,0,2,1,1,2,Yes,1,1,6,Yes
EMP1174,24,Female,Married,26,Bangalore,Bachelors,Administration,Administrative Officer,2,0,25584,9.7,0,4,4,2,2,No,2,5,1,No
EMP1175,31,Male,Single,2,Kanpur,Masters,History,Lecturer,7,6,43628,10.9,1,1,2,1,4,No,1,5,0,Yes
EMP1176,27,Male,Divorced,27,Jaipur,PhD,Research & Development,Professor,5,0,161211,17.4,2,2,4,3,1,Yes,1,5,2,No
EMP1177,31,Male,Single,7,Ahmedabad,PhD,Research & Development,Lab Assistant,4,3,53693,10.6,1,2,2,4,1,No,3,1,9,No
EMP1178,29,Female,Divorced,4,Bhopal,Bachelors,Research & Development,Technical Staff,7,2,54608,7.4,0,4,2,1,3,Yes,1,0,6,Yes
EMP1179,52,Male,Married,15,Nagpur,Diploma,Civil Engineering,Support Staff,5,5,42394,14.2,3,3,1,3,4,No,1,1,2,No
EMP1180,38,Female,Married,0,Kolkata,PhD,Physics,Lecturer,5,5,51092,17.4,3,2,1,1,3,Yes,1,3,3,No
EMP1181,28,Female,Married,22,Hyderabad,PhD,Mathematics,Professor,6,1,93441,7.0,0,4,3,3,1,Yes,1,0,0,No
EMP1182,37,Female,Single,0,Bangalore,Masters,Computer Science,Assistant Professor,5,1,78795,19.9,0,4,1,3,4,No,1,6,10,No
EMP1183,42,Male,Divorced,3,Bangalore,PhD,Management,Assistant Professor,4,0,85013,13.7,2,2,3,3,3,No,1,1,2,Yes
EMP1184,40,Female,Married,50,Kolkata,PhD,Biology,Professor,12,2,120771,16.1,2,3,2,4,2,No,4,0,4,No
EMP1185,39,Female,Married,39,Kanpur,Diploma,Library,Librarian,12,2,33286,17.9,3,3,4,3,4,Yes,1,2,1,No
EMP1186,51,Male,Married,32,Indore,PhD,English,Lecturer,3,3,47785,15.9,2,4,2,3,4,No,3,6,5,No
EMP1187,33,Male,Divorced,27,Patna,Masters,Management,Assistant Professor,9,3,86073,11.6,1,2,4,3,1,No,3,5,2,Yes
EMP1188,38,Female,Single,10,Nagpur,Masters,Biology,Lecturer,5,2,54690,16.9,1,4,4,4,4,Yes,4,6,1,No
EMP1189,49,Male,Single,21,Chennai,Masters,Administration,Support Staff,10,4,47201,13.0,0,1,4,3,4,Yes,1,0,0,Yes
EMP1190,41,Male,Married,3,Chennai,PhD,English,Lecturer,4,4,46617,16.4,0,1,4,1,3,No,3,0,1,No
EMP1191,37,Male,Married,2,Bangalore,PhD,Biology,Lecturer,13,0,41149,16.8,1,3,4,1,4,No,3,2,1,Yes
EMP1192,39,Male,Single,7,Bhopal,PhD,Library,Librarian,9,0,51657,7.6,1,2,2,2,2,No,1,4,2,No
EMP1193,44,Male,Married,9,Mumbai,Masters,Mechanical Engineering,Assistant Professor,5,4,61642,15.2,1,4,1,2,4,No,1,3,2,No
EMP1194,49,Male,Married,24,Patna,Masters,Administration,Administrative Officer,15,8,47651,11.3,2,3,3,2,4,Yes,2,2,0,No
EMP1195,33,Female,Divorced,23,Kolkata,PhD,History,Lecturer,6,6,57642,12.6,0,3,4,2,3,Yes,2,5,1,No
EMP1196,28,Male,Married,19,Coimbatore,Masters,Mathematics,Assistant Professor,6,5,56345,12.5,1,4,2,4,4,Yes,5,3,0,No
EMP1197,44,Male,Divorced,13,Kolkata,PhD,Physics,Assistant Professor,6,6,50626,12.3,0,3,4,1,3,Yes,1,3,1,Yes
EMP1198,30,Female,Divorced,42,Mumbai,Diploma,Management,Librarian,8,0,41362,18.1,1,4,4,4,4,Yes,1,0,6,No
EMP1199,32,Male,Married,9,Coimbatore,PhD,Computer Science,Associate Professor,9,3,110857,6.5,2,2,4,4,1,Yes,1,2,0,No
EMP1200,34,Female,Divorced,21,Delhi,Diploma,Library,Librarian,12,8,36343,5.1,1,2,4,1,2,No,1,6,0,Yes
EMP1201,41,Female,Single,4,Pune,PhD,Economics,Associate Professor,12,3,86944,4.3,3,3,4,2,2,Yes,2,6,0,No
EMP1202,32,Female,Divorced,0,Bhopal,Masters,Biology,Research Scholar,10,2,34929,16.3,0,3,3,3,3,Yes,1,1,2,No
EMP1203,22,Female,Divorced,12,Jaipur,PhD,Physics,Associate Professor,0,0,91309,8.9,1,3,2,4,4,Yes,1,4,1,No
EMP1204,42,Female,Married,12,Visakhapatnam,PhD,Mathematics,Lecturer,4,0,54536,12.5,0,4,4,3,1,Yes,3,5,0,No
EMP1205,31,Female,Single,12,Lucknow,Masters,Administration,Support Staff,5,5,36403,11.5,1,4,2,4,3,No,1,6,5,No
EMP1206,32,Male,Divorced,1,Hyderabad,Bachelors,Library,Librarian,8,5,54492,8.5,2,1,1,1,4,Yes,2,0,8,Yes
EMP1207,38,Male,Married,15,Hyderabad,Masters,Chemistry,Assistant Professor,11,0,59902,15.4,1,1,3,3,1,No,1,5,2,Yes
EMP1208,33,Female,Divorced,2,Ahmedabad,Masters,Electrical Engineering,Lecturer,11,2,43606,11.5,2,1,1,2,4,Yes,2,1,0,Yes
EMP1209,32,Female,Single,22,Chennai,PhD,Computer Science,Professor,10,4,119361,11.0,0,2,4,1,2,No,1,0,0,Yes
EMP1210,42,Female,Married,1,Pune,PhD,Physics,Associate Professor,7,3,137896,12.9,2,1,1,2,4,No,5,5,2,No
EMP1211,42,Male,Married,23,Bhopal,Masters,Civil Engineering,Librarian,5,5,48640,14.9,0,1,1,2,1,No,3,2,3,Yes
EMP1212,29,Male,Single,3,Delhi,PhD,Biology,Associate Professor,7,2,83945,8.2,2,1,3,2,2,No,2,2,1,No
EMP1213,29,Male,Married,10,Bhopal,PhD,History,Associate Professor,7,4,93618,15.5,0,1,1,3,3,Yes,5,3,6,Yes
EMP1214,25,Male,Married,11,Indore,PhD,Administration,Administrative Officer,3,3,37864,17.8,0,1,3,2,1,Yes,2,6,3,Yes
EMP1215,37,Female,Married,18,Pune,PhD,Electrical Engineering,Administrative Officer,6,4,50540,6.3,1,2,3,1,3,Yes,2,4,1,No
EMP1216,34,Male,Divorced,2,Bhopal,PhD,English,Research Scholar,0,0,39963,13.1,3,3,4,2,1,Yes,2,0,0,Yes
EMP1217,31,Male,Married,15,Vadodara,PhD,Mechanical Engineering,Assistant Professor,4,4,66776,10.8,0,2,1,2,4,No,3,4,11,No
EMP1218,27,Female,Single,17,Bangalore,PhD,English,Assistant Professor,5,0,81876,14.8,0,3,4,3,1,No,1,5,0,No
EMP1219,31,Female,Single,15,Vadodara,PhD,Economics,Associate Professor,9,2,101662,7.1,2,2,3,1,1,Yes,2,5,0,Yes
EMP1220,39,Male,Single,23,Bhopal,PhD,Computer Science,Assistant Professor,8,5,74891,18.5,0,2,1,4,2,No,3,1,2,No
EMP1221,33,Female,Married,11,Bangalore,Bachelors,Library,Librarian,4,4,39036,5.6,0,1,1,2,2,Yes,2,3,1,No
EMP1222,33,Female,Married,36,Ahmedabad,Diploma,English,Research Scholar,9,2,38752,11.0,1,1,3,2,3,No,2,5,9,Yes
EMP1223,27,Female,Single,30,Nagpur,Masters,Electrical Engineering,Technical Staff,5,2,46464,13.7,0,2,1,4,1,Yes,1,4,3,No
EMP1224,27,Male,Married,13,Jaipur,PhD,Computer Science,Assistant Professor,5,0,67037,9.3,3,2,4,4,1,Yes,1,5,4,Yes
EMP1225,38,Male,Divorced,3,Kolkata,Masters,History,Lecturer,11,6,51715,8.6,2,2,4,1,1,No,1,5,0,Yes
EMP1226,35,Female,Married,1,Kolkata,Bachelors,Research & Development,Administrative Officer,12,1,41906,12.9,1,3,4,3,2,Yes,5,1,1,No
EMP1227,29,Male,Single,33,Visakhapatnam,PhD,Mathematics,Lecturer,0,0,60989,12.3,3,4,1,3,2,No,3,2,3,Yes
EMP1228,35,Male,Single,10,Indore,PhD,Physics,Research Scholar,1,1,30783,12.0,1,2,3,2,1,Yes,5,2,0,Yes
EMP1229,29,Female,Married,2,Kolkata,PhD,Library,Librarian,2,2,39703,15.4,0,4,4,2,1,No,2,0,1,No
EMP1230,38,Male,Single,10,Visakhapatnam,Masters,Physics,Lecturer,3,1,44644,10.4,0,3,1,1,1,Yes,1,5,0,No
EMP1231,32,Male,Married,10,Bhopal,Masters,Mathematics,Lecturer,4,4,60723,13.3,1,4,4,4,1,No,2,5,0,No
EMP1232,27,Male,Single,31,Bangalore,Masters,Biology,Lecturer,5,4,32702,10.0,0,2,3,4,4,No,3,0,0,No
EMP1233,23,Male,Married,18,Vadodara,PhD,Chemistry,Associate Professor,0,0,87277,8.6,3,4,3,4,4,No,4,4,0,No
EMP1234,31,Female,Single,1,Ahmedabad,Masters,Computer Science,Research Scholar,8,8,39484,10.9,2,1,3,1,4,No,2,6,0,No
EMP1235,47,Male,Single,16,Kanpur,Masters,Mechanical Engineering,Lecturer,6,5,48653,10.0,0,2,4,3,2,Yes,3,1,3,No
EMP1236,36,Female,Divorced,1,Bangalore,Masters,Computer Science,Research Scholar,11,5,38182,10.2,1,2,4,3,2,No,1,0,2,Yes
EMP1237,22,Male,Single,0,Kanpur,PhD,Management,Librarian,0,0,36114,16.7,2,3,2,2,3,Yes,1,6,2,Yes
EMP1238,45,Male,Divorced,17,Kanpur,Masters,Electrical Engineering,Assistant Professor,4,4,74271,11.0,3,1,3,4,1,No,2,2,1,Yes
EMP1239,32,Male,Divorced,29,Hyderabad,Masters,History,Assistant Professor,10,5,74886,9.3,2,2,2,4,3,No,2,1,2,No
EMP1240,45,Female,Divorced,7,Bangalore,Bachelors,Computer Science,Research Scholar,1,1,40633,12.1,1,2,1,4,2,No,1,5,0,Yes
EMP1241,32,Female,Single,6,Bangalore,PhD,Mechanical Engineering,Associate Professor,10,7,110935,12.4,2,4,1,3,2,Yes,1,5,1,No
EMP1242,43,Male,Divorced,3,Indore,PhD,Computer Science,Lecturer,3,0,60179,7.3,1,2,4,4,4,No,3,4,1,Yes
EMP1243,35,Female,Divorced,0,Chennai,PhD,Mechanical Engineering,Lecturer,6,3,53274,10.8,1,1,1,3,1,No,1,2,1,Yes
EMP1244,32,Male,Married,1,Bhopal,PhD,Physics,Research Scholar,10,5,33522,10.6,0,3,4,1,4,Yes,4,4,12,Yes
EMP1245,22,Male,Married,2,Coimbatore,PhD,Chemistry,Lecturer,0,0,33688,11.3,0,3,2,1,1,No,4,4,1,No
EMP1246,28,Male,Single,4,Lucknow,PhD,English,Lecturer,5,3,46223,14.9,1,4,2,1,1,Yes,3,1,0,No
EMP1247,51,Female,Single,50,Hyderabad,PhD,Biology,Lecturer,4,0,47711,12.5,0,1,4,2,3,No,4,2,1,Yes
EMP1248,34,Female,Married,49,Coimbatore,PhD,Economics,Associate Professor,5,0,93613,16.9,0,1,2,1,1,No,4,6,4,Yes
EMP1249,37,Male,Divorced,43,Delhi,Diploma,Computer Science,Research Scholar,6,5,33151,12.0,2,4,2,4,3,Yes,1,3,11,No
EMP1250,44,Male,Single,5,Bhopal,Masters,Administration,Administrative Officer,7,0,50095,19.1,0,2,2,2,1,No,2,0,2,Yes
EMP1251,56,Male,Divorced,21,Mumbai,PhD,Biology,Professor,6,6,113262,10.2,1,4,4,3,3,No,2,6,0,No
EMP1252,33,Female,Single,14,Indore,PhD,History,Associate Professor,11,5,45894,8.9,1,1,1,3,3,No,1,2,1,No
EMP1253,43,Female,Single,5,Patna,PhD,Physics,Lecturer,11,1,53256,14.2,3,1,4,3,2,Yes,2,5,0,No
EMP1254,30,Female,Single,2,Kanpur,Masters,English,Assistant Professor,8,5,77156,17.5,1,1,2,2,3,No,6,6,2,Yes
EMP1255,33,Female,Divorced,6,Delhi,PhD,Mechanical Engineering,Associate Professor,5,1,87832,6.5,0,4,2,4,4,No,1,6,4,No
EMP1256,35,Male,Single,10,Visakhapatnam,Masters,Biology,Lecturer,10,2,48244,11.2,1,2,2,2,1,Yes,2,0,0,Yes
EMP1257,22,Female,Divorced,24,Visakhapatnam,Masters,Chemistry,Assistant Professor,0,0,60600,9.6,2,1,1,2,3,No,3,4,1,Yes
EMP1258,40,Female,Divorced,6,Delhi,Bachelors,Management,Lab Assistant,3,3,42219,12.6,3,2,3,1,3,Yes,1,3,6,Yes
EMP1259,22,Male,Single,1,Hyderabad,PhD,Mechanical Engineering,Lecturer,0,0,59911,12.0,1,4,1,1,4,Yes,2,5,5,Yes
EMP1260,36,Male,Single,22,Lucknow,Masters,Biology,Assistant Professor,13,0,70652,17.4,0,4,3,4,3,Yes,1,3,1,No
EMP1261,37,Female,Divorced,4,Jaipur,Bachelors,Mathematics,Research Scholar,4,2,35076,11.6,3,3,3,1,4,Yes,1,2,5,No
EMP1262,28,Female,Married,4,Kolkata,Masters,Mechanical Engineering,Research Scholar,6,3,31112,17.5,0,2,2,1,4,No,4,5,7,No
EMP1263,38,Female,Married,10,Lucknow,Masters,Biology,Lecturer,7,4,45337,10.7,1,2,3,2,4,No,3,4,0,No
EMP1264,42,Male,Married,5,Lucknow,PhD,Mathematics,Associate Professor,12,4,92959,15.7,1,2,3,1,2,No,1,1,4,Yes
EMP1265,31,Female,Married,10,Chennai,PhD,Biology,Assistant Professor,8,5,68750,12.9,0,4,1,1,4,Yes,2,4,1,No
EMP1266,30,Female,Divorced,25,Kanpur,PhD,Biology,Professor,7,2,149049,18.9,0,2,2,3,4,No,2,1,1,No
EMP1267,32,Male,Single,5,Hyderabad,PhD,Economics,Associate Professor,9,6,114033,6.1,0,1,1,4,3,Yes,1,6,4,No
EMP1268,43,Male,Married,3,Delhi,Diploma,Administration,Administrative Officer,2,2,33908,7.3,1,4,4,4,4,No,2,0,0,No
EMP1269,35,Female,Single,0,Kolkata,Masters,Research & Development,Lab Assistant,3,3,35894,19.3,3,1,1,2,2,No,1,2,0,Yes
EMP1270,33,Female,Single,11,Pune,Masters,Mathematics,Assistant Professor,4,0,68089,9.1,0,3,4,2,3,No,1,2,1,Yes
EMP1271,35,Female,Single,22,Jaipur,PhD,Chemistry,Associate Professor,10,0,106714,9.3,2,1,2,1,3,Yes,3,3,0,Yes
EMP1272,40,Male,Divorced,0,Jaipur,PhD,Computer Science,Professor,10,2,108527,8.5,0,1,4,4,4,Yes,2,4,1,No
EMP1273,42,Male,Single,9,Chennai,PhD,Electrical Engineering,Professor,2,2,133539,16.6,1,4,1,3,2,No,1,6,0,No
EMP1274,29,Male,Married,9,Delhi,Masters,Mathematics,Lecturer,4,4,49139,7.0,0,3,2,3,4,No,1,1,9,No
EMP1275,35,Male,Divorced,3,Patna,Bachelors,Research & Development,Librarian,8,0,35069,12.1,3,2,1,1,1,Yes,1,6,4,Yes
EMP1276,26,Male,Divorced,7,Hyderabad,Masters,Mathematics,Assistant Professor,4,4,81401,10.9,2,3,3,4,1,Yes,2,6,7,No
EMP1277,32,Female,Married,0,Nagpur,PhD,Administration,Support Staff,0,0,44959,16.1,1,1,1,1,2,Yes,1,2,2,Yes
EMP1278,26,Female,Divorced,4,Patna,PhD,Mathematics,Assistant Professor,4,4,75845,9.7,2,4,4,4,3,No,2,5,0,No
EMP1279,33,Male,Single,0,Nagpur,PhD,Physics,Associate Professor,11,0,113001,13.7,1,4,4,4,2,No,1,6,0,No
EMP1280,31,Male,Married,8,Kanpur,PhD,Research & Development,Librarian,9,0,43697,7.3,3,4,4,1,1,No,1,5,2,Yes
EMP1281,38,Male,Divorced,9,Coimbatore,PhD,Library,Librarian,8,2,43902,21.1,2,4,2,4,3,No,2,1,3,No
EMP1282,36,Male,Single,0,Jaipur,Masters,Mechanical Engineering,Assistant Professor,3,3,85622,11.0,3,2,1,4,3,Yes,1,2,1,Yes
EMP1283,24,Male,Divorced,19,Patna,Diploma,Mechanical Engineering,Administrative Officer,2,2,36383,12.0,1,2,1,4,4,No,1,0,1,No
EMP1284,34,Male,Married,5,Lucknow,PhD,Electrical Engineering,Professor,6,1,126779,18.6,0,4,4,1,1,Yes,3,6,4,No
EMP1285,24,Male,Divorced,45,Patna,Bachelors,Mechanical Engineering,Librarian,1,1,41203,9.7,1,3,1,2,4,No,3,4,2,No
EMP1286,46,Female,Divorced,37,Chennai,PhD,Economics,Professor,3,1,108045,18.7,0,1,3,3,3,No,1,5,2,Yes
EMP1287,31,Male,Married,8,Pune,PhD,Physics,Professor,9,4,131688,10.4,1,2,2,1,4,Yes,3,3,1,No
EMP1288,33,Male,Married,10,Bhopal,PhD,Computer Science,Professor,11,3,150223,14.7,1,4,2,4,1,Yes,1,4,0,No
EMP1289,42,Female,Divorced,24,Ahmedabad,Masters,Administration,Administrative Officer,6,0,41591,9.7,1,1,4,3,4,No,4,4,0,Yes
EMP1290,35,Female,Married,0,Lucknow,PhD,Economics,Associate Professor,12,2,65000,6.6,0,3,3,2,2,Yes,1,4,4,No
EMP1291,29,Male,Divorced,3,Mumbai,PhD,Mechanical Engineering,Assistant Professor,7,0,59141,13.7,0,3,4,4,3,No,1,6,3,No
EMP1292,44,Male,Married,5,Delhi,PhD,Physics,Professor,11,3,142672,14.6,1,3,2,3,3,Yes,3,6,1,No
EMP1293,46,Female,Single,11,Lucknow,Bachelors,Administration,Administrative Officer,1,1,41828,6.7,3,4,1,2,4,Yes,1,4,4,No
EMP1294,39,Male,Married,18,Coimbatore,PhD,History,Assistant Professor,8,0,77929,10.8,0,3,2,4,2,No,1,6,2,No
EMP1295,22,Male,Divorced,9,Jaipur,Masters,Chemistry,Lecturer,0,0,57964,16.8,1,2,2,1,4,Yes,4,3,4,Yes
EMP1296,30,Male,Single,19,Delhi,PhD,Civil Engineering,Research Scholar,3,3,38894,14.4,2,3,4,2,1,Yes,3,2,0,No
EMP1297,40,Female,Married,27,Coimbatore,PhD,Administration,Support Staff,11,3,39427,10.4,1,3,2,2,1,Yes,1,3,3,No
EMP1298,34,Male,Married,25,Nagpur,Masters,Chemistry,Assistant Professor,9,6,59985,9.6,0,3,2,4,1,Yes,2,5,2,No
EMP1299,40,Male,Single,12,Nagpur,Diploma,Mechanical Engineering,Lab Assistant,9,5,35791,19.8,1,1,4,3,3,Yes,1,4,6,Yes
EMP1300,31,Female,Married,16,Pune,PhD,Computer Science,Associate Professor,4,4,84119,6.2,0,1,1,2,1,Yes,2,1,2,No
EMP1301,35,Female,Single,6,Delhi,Masters,Chemistry,Lecturer,5,0,41185,11.8,3,1,4,3,1,Yes,3,0,0,Yes
EMP1302,29,Female,Divorced,6,Mumbai,PhD,Mathematics,Associate Professor,7,7,80138,6.1,0,4,4,4,4,No,1,2,1,No
EMP1303,36,Male,Divorced,3,Bangalore,PhD,Computer Science,Professor,10,7,148969,17.3,0,1,3,1,3,No,2,4,0,Yes
EMP1304,30,Female,Married,50,Nagpur,Masters,History,Lecturer,1,0,50619,12.0,0,2,4,3,2,No,1,5,1,No
EMP1305,42,Male,Divorced,7,Pune,Masters,Library,Librarian,12,0,32563,12.7,0,1,1,1,4,Yes,1,2,1,Yes
EMP1306,27,Female,Single,13,Delhi,PhD,History,Associate Professor,3,3,91040,23.1,2,2,2,3,2,Yes,1,1,0,No
EMP1307,34,Female,Divorced,14,Nagpur,PhD,Management,Associate Professor,8,4,77809,9.6,0,1,3,1,2,No,2,2,10,Yes
EMP1308,41,Male,Single,5,Kolkata,PhD,Biology,Professor,3,3,150758,19.0,0,3,4,4,3,No,3,5,0,No
EMP1309,39,Female,Married,18,Kanpur,PhD,History,Professor,9,5,93470,10.4,1,2,2,4,3,No,2,1,2,No
EMP1310,32,Female,Married,27,Bangalore,Masters,English,Lecturer,1,1,53979,11.1,0,1,3,2,2,No,1,5,11,Yes
EMP1311,28,Male,Divorced,8,Indore,PhD,Mechanical Engineering,Professor,6,4,123793,22.6,0,2,1,3,4,Yes,1,2,3,Yes
EMP1312,35,Female,Single,4,Vadodara,PhD,Economics,Research Scholar,7,7,41451,11.4,2,4,3,1,2,Yes,1,6,0,Yes
EMP1313,37,Male,Single,4,Bangalore,Masters,Civil Engineering,Support Staff,10,1,33035,6.5,2,4,3,1,2,No,1,1,1,Yes
EMP1314,40,Male,Single,45,Vadodara,PhD,Mechanical Engineering,Lecturer,13,2,51915,13.1,3,4,4,1,1,No,5,0,2,No
EMP1315,41,Female,Divorced,6,Ahmedabad,Masters,Biology,Research Scholar,11,1,35189,11.3,2,4,4,3,1,No,3,3,1,No
EMP1316,37,Female,Married,14,Jaipur,PhD,Economics,Research Scholar,10,3,42266,13.5,1,2,4,2,2,Yes,2,4,1,Yes
EMP1317,39,Male,Single,0,Pune,PhD,English,Professor,8,2,84529,11.5,0,4,3,1,4,No,2,3,2,No
EMP1318,31,Female,Single,2,Hyderabad,PhD,Chemistry,Associate Professor,9,0,102198,20.9,2,2,1,2,1,Yes,1,2,0,Yes
EMP1319,41,Female,Divorced,1,Ahmedabad,PhD,Civil Engineering,Professor,9,5,139363,14.2,2,1,2,4,4,No,1,1,0,No
EMP1320,58,Male,Divorced,26,Indore,Bachelors,Library,Librarian,12,0,29420,7.7,2,2,3,4,1,Yes,4,3,1,Yes
EMP1321,40,Male,Single,10,Coimbatore,Diploma,Management,Technical Staff,8,7,25000,12.5,1,2,1,2,4,Yes,2,6,5,No
EMP1322,38,Male,Single,2,Patna,PhD,Economics,Research Scholar,10,10,29345,8.8,0,4,4,3,1,No,1,1,3,No
EMP1323,31,Female,Married,10,Bangalore,PhD,Civil Engineering,Support Staff,6,6,47347,11.0,2,4,2,3,4,Yes,1,6,0,No
EMP1324,29,Female,Married,10,Chennai,PhD,Chemistry,Professor,2,2,113830,8.4,2,1,4,2,3,No,2,2,1,Yes
EMP1325,29,Female,Married,12,Coimbatore,Diploma,Library,Librarian,5,4,43560,20.4,3,3,3,4,2,No,2,4,3,No
EMP1326,28,Female,Divorced,30,Ahmedabad,Bachelors,Management,Librarian,6,0,40027,9.2,0,3,3,4,2,Yes,2,5,2,No
EMP1327,32,Male,Single,3,Bhopal,Masters,Chemistry,Lecturer,4,4,43551,14.8,0,2,4,1,1,Yes,2,3,2,Yes
EMP1328,32,Female,Single,14,Patna,PhD,English,Research Scholar,7,7,29440,10.7,0,4,4,3,1,Yes,2,5,3,No
EMP1329,44,Male,Divorced,9,Ahmedabad,Bachelors,Research & Development,Technical Staff,8,5,42706,7.4,2,2,1,2,2,Yes,2,2,0,No
EMP1330,28,Male,Single,34,Coimbatore,Masters,Biology,Assistant Professor,6,6,65426,12.8,0,2,1,1,1,No,1,5,6,No
EMP1331,41,Female,Married,7,Bhopal,Masters,Library,Librarian,0,0,41690,13.6,0,2,4,4,1,No,4,1,0,No
EMP1332,24,Male,Divorced,9,Kanpur,PhD,Biology,Professor,2,2,107647,14.2,3,3,4,4,4,Yes,3,6,0,No
EMP1333,33,Female,Divorced,1,Ahmedabad,PhD,Economics,Professor,11,4,150260,1.5,0,1,3,1,4,Yes,5,5,0,No
EMP1334,43,Female,Married,3,Kanpur,PhD,Management,Technical Staff,14,1,44230,7.1,2,3,2,3,1,No,7,5,3,Yes
EMP1335,34,Male,Married,3,Ahmedabad,PhD,English,Associate Professor,3,1,103998,15.8,0,2,2,4,2,Yes,1,5,0,No
EMP1336,41,Male,Single,1,Mumbai,Bachelors,Chemistry,Research Scholar,7,0,35155,8.3,2,2,1,1,1,No,4,4,0,No
EMP1337,26,Male,Married,5,Kolkata,Masters,English,Assistant Professor,4,4,75532,12.8,1,4,2,3,4,Yes,1,6,3,Yes
EMP1338,38,Female,Married,25,Mumbai,PhD,Management,Professor,2,2,95349,7.0,3,4,2,4,1,No,2,2,0,No
EMP1339,27,Male,Married,4,Patna,PhD,Civil Engineering,Associate Professor,5,2,89004,14.9,3,3,3,2,3,Yes,1,2,6,No
EMP1340,37,Female,Married,5,Kolkata,PhD,Physics,Lecturer,1,1,47892,15.7,0,3,3,4,3,No,7,1,2,No
EMP1341,41,Male,Single,0,Mumbai,Masters,Electrical Engineering,Research Scholar,10,0,33779,14.9,0,4,4,2,2,Yes,3,3,3,Yes
EMP1342,39,Female,Single,12,Hyderabad,Bachelors,Research & Development,Technical Staff,13,5,48727,16.1,0,4,3,3,1,No,6,0,3,No
EMP1343,24,Female,Married,39,Mumbai,Diploma,Library,Librarian,2,2,41273,18.3,1,3,3,3,3,No,2,2,16,Yes
EMP1344,40,Female,Divorced,9,Lucknow,PhD,Civil Engineering,Lecturer,11,2,50988,7.3,2,3,3,4,4,Yes,4,3,2,No
EMP1345,43,Male,Single,2,Kanpur,Diploma,Mechanical Engineering,Lab Assistant,12,0,46941,8.8,1,4,1,1,2,No,2,1,3,Yes
EMP1346,50,Female,Divorced,0,Mumbai,PhD,Biology,Lecturer,5,2,52738,15.6,1,3,4,4,2,Yes,6,6,2,Yes
EMP1347,26,Male,Divorced,38,Delhi,PhD,Biology,Associate Professor,4,0,98081,16.5,0,4,1,1,1,No,2,4,0,Yes
EMP1348,34,Female,Divorced,31,Lucknow,Bachelors,Administration,Administrative Officer,6,4,33933,9.3,2,2,1,4,3,Yes,2,1,5,No
EMP1349,33,Male,Single,24,Visakhapatnam,PhD,Management,Assistant Professor,8,1,79960,9.0,3,3,3,4,4,No,1,4,6,Yes
EMP1350,37,Male,Divorced,0,Lucknow,Diploma,Civil Engineering,Librarian,8,7,39039,9.4,0,3,3,4,2,Yes,1,3,11,No
EMP1351,37,Female,Single,3,Patna,PhD,Biology,Professor,9,2,116446,5.6,1,3,3,4,1,No,1,6,0,No
EMP1352,22,Female,Married,5,Indore,PhD,Civil Engineering,Lecturer,0,0,58415,6.9,0,2,4,4,4,Yes,1,1,0,No
EMP1353,45,Male,Married,6,Kolkata,PhD,Mathematics,Associate Professor,3,2,94980,7.0,1,3,3,4,2,Yes,1,1,0,No
EMP1354,22,Female,Divorced,2,Mumbai,Diploma,Economics,Research Scholar,0,0,36410,10.8,1,2,3,1,2,Yes,2,4,2,Yes
EMP1355,34,Male,Married,5,Bhopal,Masters,Biology,Lecturer,0,0,43335,13.1,0,1,2,1,4,Yes,1,2,1,Yes
EMP1356,48,Female,Married,22,Pune,PhD,Economics,Assistant Professor,6,6,78141,13.7,1,1,3,4,1,No,3,1,13,No
EMP1357,32,Female,Married,20,Visakhapatnam,PhD,Library,Librarian,10,3,28758,10.0,0,2,4,4,2,Yes,3,1,5,No
EMP1358,22,Male,Divorced,2,Patna,PhD,Mechanical Engineering,Lecturer,0,0,47808,10.1,1,3,3,2,1,Yes,2,2,2,No
EMP1359,32,Male,Married,12,Jaipur,PhD,Research & Development,Professor,10,0,133214,12.5,1,1,2,4,3,Yes,2,1,2,Yes
EMP1360,30,Female,Single,26,Bangalore,Diploma,Computer Science,Research Scholar,4,2,32304,6.0,0,2,3,1,2,Yes,4,3,1,No
EMP1361,30,Female,Divorced,27,Visakhapatnam,PhD,Computer Science,Assistant Professor,8,4,61551,15.8,2,2,4,2,3,No,2,6,0,No
EMP1362,38,Male,Divorced,0,Hyderabad,PhD,History,Associate Professor,6,1,76699,17.1,2,1,4,4,3,No,4,1,1,Yes
EMP1363,29,Female,Divorced,0,Nagpur,Masters,Economics,Research Scholar,6,6,34863,9.5,0,1,2,4,3,No,1,4,0,No
EMP1364,34,Female,Divorced,2,Patna,Bachelors,Physics,Research Scholar,11,8,33971,10.4,0,2,3,1,4,Yes,2,4,23,No
EMP1365,30,Male,Divorced,0,Delhi,Masters,Biology,Lecturer,8,2,53063,17.0,2,1,1,1,2,Yes,1,6,2,Yes
EMP1366,41,Female,Single,0,Bangalore,Diploma,Mathematics,Research Scholar,8,5,54631,11.5,3,4,3,1,3,Yes,1,4,2,Yes
EMP1367,44,Male,Divorced,0,Bangalore,PhD,Economics,Lecturer,7,0,47588,14.4,0,4,3,1,3,Yes,1,5,2,No
EMP1368,28,Male,Single,7,Hyderabad,PhD,Management,Associate Professor,5,5,82692,11.6,0,2,4,2,2,Yes,1,4,4,No
EMP1369,41,Female,Divorced,7,Hyderabad,Masters,Mathematics,Assistant Professor,3,3,71138,18.2,0,1,2,2,4,No,1,5,0,No
EMP1370,35,Female,Married,6,Coimbatore,Bachelors,Research & Development,Lab Assistant,13,1,45960,14.0,1,3,4,4,3,Yes,1,4,9,Yes
EMP1371,39,Female,Married,17,Ahmedabad,Masters,Economics,Lecturer,8,6,38302,14.2,0,3,1,2,3,Yes,5,2,0,Yes
EMP1372,42,Female,Single,1,Nagpur,PhD,Administration,Administrative Officer,12,0,29765,14.3,0,1,4,3,2,Yes,1,2,1,No
EMP1373,31,Male,Single,50,Chennai,PhD,Biology,Professor,3,0,125967,9.8,1,2,1,3,4,Yes,2,3,1,Yes
EMP1374,44,Female,Single,35,Chennai,Diploma,Electrical Engineering,Support Staff,11,5,52168,10.1,1,1,1,3,3,No,2,3,0,No
EMP1375,40,Male,Divorced,32,Kolkata,PhD,Mechanical Engineering,Support Staff,3,0,27571,15.1,0,4,1,3,1,No,4,4,0,Yes
EMP1376,30,Male,Single,1,Bangalore,Masters,Computer Science,Lecturer,3,3,47929,12.5,1,4,3,4,2,Yes,2,2,2,No
EMP1377,41,Male,Divorced,1,Indore,PhD,History,Professor,1,0,115233,7.3,1,4,2,2,4,Yes,3,3,3,No
EMP1378,50,Male,Divorced,5,Bangalore,Masters,Civil Engineering,Technical Staff,11,3,46874,19.5,0,2,1,3,4,No,1,5,5,Yes
EMP1379,34,Female,Married,1,Visakhapatnam,PhD,English,Associate Professor,8,0,126175,15.9,0,3,1,3,2,No,2,4,2,No
EMP1380,38,Female,Single,41,Kolkata,PhD,Research & Development,Lecturer,16,0,54657,12.2,2,2,1,1,1,Yes,4,4,1,No
EMP1381,31,Female,Single,4,Vadodara,Masters,English,Assistant Professor,9,5,56645,10.9,0,1,3,2,2,Yes,4,4,1,No
EMP1382,44,Female,Divorced,1,Jaipur,Masters,Electrical Engineering,Assistant Professor,5,0,63633,12.8,2,1,3,2,1,No,3,1,1,Yes
EMP1383,38,Male,Single,5,Patna,PhD,History,Assistant Professor,9,1,47636,14.1,3,3,4,2,4,Yes,1,2,8,No
EMP1384,37,Male,Single,7,Hyderabad,Masters,Chemistry,Lecturer,15,3,45889,3.9,0,2,3,3,4,No,1,5,10,Yes
EMP1385,48,Female,Married,1,Jaipur,Masters,Mechanical Engineering,Research Scholar,9,3,31467,20.4,0,3,1,3,4,Yes,3,4,1,Yes
EMP1386,22,Female,Married,14,Kanpur,Masters,Mechanical Engineering,Assistant Professor,0,0,74276,8.8,1,2,4,2,2,No,1,2,0,Yes
EMP1387,26,Male,Single,1,Bangalore,PhD,Mechanical Engineering,Assistant Professor,0,0,82865,12.0,2,3,2,4,2,Yes,1,2,0,No
EMP1388,25,Male,Single,3,Pune,PhD,English,Professor,3,3,140363,12.1,3,4,4,3,4,No,3,1,6,Yes
EMP1389,45,Male,Single,11,Patna,Masters,Administration,Support Staff,13,8,35507,20.0,2,2,2,1,3,Yes,4,5,5,Yes
EMP1390,44,Female,Divorced,36,Ahmedabad,Masters,Mechanical Engineering,Lab Assistant,8,0,31062,11.6,0,4,4,4,2,Yes,2,1,2,Yes
EMP1391,40,Male,Married,4,Visakhapatnam,PhD,History,Associate Professor,0,0,88715,18.4,1,1,2,4,4,No,1,6,11,No
EMP1392,34,Female,Married,16,Delhi,Bachelors,Administration,Support Staff,9,1,50235,13.6,1,4,1,1,4,No,4,6,13,No
EMP1393,35,Male,Divorced,1,Lucknow,PhD,Management,Administrative Officer,6,6,48701,8.2,1,4,1,2,3,No,2,3,0,No
EMP1394,38,Female,Married,2,Coimbatore,PhD,Physics,Assistant Professor,0,0,67168,12.5,0,4,4,1,1,Yes,3,6,1,Yes
EMP1395,43,Female,Married,0,Hyderabad,PhD,Economics,Associate Professor,14,2,80817,11.5,0,2,4,1,3,No,2,5,0,No
EMP1396,30,Male,Single,7,Kolkata,Masters,Mathematics,Assistant Professor,7,4,64800,7.7,2,2,4,4,1,Yes,1,2,2,Yes
EMP1397,34,Male,Single,50,Pune,Bachelors,Administration,Support Staff,7,0,51959,13.4,1,3,4,3,2,Yes,2,1,0,Yes
EMP1398,33,Female,Single,8,Bangalore,PhD,Economics,Lecturer,11,2,50559,12.1,0,2,2,4,4,No,3,3,5,No
EMP1399,22,Male,Single,0,Nagpur,Bachelors,Research & Development,Technical Staff,0,0,33799,14.2,0,2,1,2,2,Yes,2,5,1,Yes
EMP1400,25,Male,Divorced,21,Hyderabad,Bachelors,Civil Engineering,Support Staff,3,3,42505,12.8,2,3,1,1,1,No,1,1,0,No
EMP1401,25,Male,Married,0,Bangalore,Bachelors,Electrical Engineering,Support Staff,0,0,41264,9.4,2,1,1,3,3,No,2,3,3,No
EMP1402,39,Male,Married,3,Vadodara,PhD,Economics,Professor,6,3,132200,15.1,0,3,4,2,2,Yes,1,0,3,No
EMP1403,39,Female,Divorced,2,Patna,Bachelors,Electrical Engineering,Support Staff,11,2,49458,9.5,0,4,3,3,3,Yes,3,4,0,No
EMP1404,39,Female,Married,5,Chennai,Bachelors,Administration,Administrative Officer,12,7,41789,0.0,0,2,1,1,1,No,2,5,1,No
EMP1405,40,Male,Divorced,40,Bangalore,PhD,History,Professor,0,0,128746,12.5,3,3,2,1,2,No,4,2,5,Yes
EMP1406,40,Female,Single,1,Delhi,PhD,Mathematics,Assistant Professor,5,5,66038,9.8,1,2,2,3,3,No,1,3,11,No
EMP1407,42,Female,Single,13,Coimbatore,Bachelors,Mechanical Engineering,Librarian,9,7,30575,13.5,1,4,4,1,3,No,3,4,0,Yes
EMP1408,29,Female,Married,14,Lucknow,Masters,Mathematics,Assistant Professor,7,0,77574,20.0,1,4,2,4,2,Yes,2,6,0,No
EMP1409,43,Female,Divorced,39,Lucknow,PhD,Computer Science,Lecturer,9,3,33081,20.1,0,2,3,4,3,Yes,2,4,0,Yes
EMP1410,26,Female,Single,5,Vadodara,Diploma,Administration,Administrative Officer,4,0,41515,11.3,2,1,4,2,2,No,2,3,6,Yes
EMP1411,47,Female,Single,1,Delhi,Masters,Administration,Administrative Officer,15,1,40004,8.7,1,1,4,4,1,Yes,3,2,0,No
EMP1412,27,Male,Married,34,Lucknow,PhD,Economics,Professor,5,5,124896,14.3,0,1,3,2,3,Yes,4,1,0,Yes
EMP1413,27,Female,Married,13,Coimbatore,PhD,Mechanical Engineering,Associate Professor,5,5,111545,10.5,0,2,2,3,1,Yes,1,4,3,No
EMP1414,44,Male,Divorced,2,Kanpur,PhD,English,Assistant Professor,3,0,77087,13.6,1,3,2,2,1,No,1,4,5,No
EMP1415,36,Male,Single,19,Visakhapatnam,PhD,Computer Science,Professor,10,3,102540,9.4,3,4,1,1,4,No,1,1,0,No
EMP1416,27,Female,Married,47,Lucknow,PhD,Library,Librarian,5,5,41074,13.0,0,4,2,1,4,Yes,2,3,2,No
EMP1417,46,Female,Married,1,Patna,PhD,Chemistry,Associate Professor,1,0,81073,8.8,2,3,4,2,3,No,1,3,0,Yes
EMP1418,34,Female,Single,50,Coimbatore,PhD,English,Lecturer,9,7,50729,16.7,2,3,2,1,4,Yes,3,2,1,No
EMP1419,44,Female,Divorced,15,Kanpur,Diploma,Economics,Research Scholar,12,1,33004,9.6,0,2,2,2,4,No,1,0,2,Yes
EMP1420,43,Female,Married,10,Coimbatore,Masters,Civil Engineering,Lab Assistant,12,5,42893,14.6,0,2,1,4,1,No,2,2,0,Yes
EMP1421,31,Female,Single,3,Kolkata,PhD,Biology,Professor,1,1,126995,6.9,0,4,3,4,1,Yes,1,1,9,No
EMP1422,34,Male,Single,1,Lucknow,Masters,Mechanical Engineering,Assistant Professor,4,4,93200,15.1,2,4,4,2,2,No,1,2,0,No
EMP1423,44,Female,Divorced,25,Coimbatore,PhD,Research & Development,Lab Assistant,17,5,29836,8.1,0,1,4,2,3,Yes,1,2,2,No
EMP1424,26,Male,Divorced,34,Kanpur,PhD,Management,Lab Assistant,4,4,27634,13.0,0,3,1,2,4,No,3,5,3,No
EMP1425,24,Female,Married,6,Bhopal,PhD,History,Associate Professor,2,2,116945,16.1,1,4,2,2,4,No,1,6,1,Yes
EMP1426,26,Male,Single,21,Bhopal,PhD,Computer Science,Professor,4,1,152569,11.2,2,4,4,2,1,Yes,3,5,0,No
EMP1427,38,Female,Divorced,6,Mumbai,Diploma,Physics,Research Scholar,8,2,34171,7.9,0,4,4,3,2,Yes,1,3,3,No
EMP1428,25,Male,Divorced,16,Patna,Diploma,Management,Research Scholar,1,0,28222,14.0,1,3,1,1,4,No,2,0,5,No
EMP1429,36,Male,Single,13,Bangalore,Bachelors,Electrical Engineering,Technical Staff,10,10,35661,8.6,1,4,1,1,2,No,2,5,1,No
EMP1430,39,Female,Divorced,30,Lucknow,PhD,Computer Science,Research Scholar,5,5,40952,10.4,1,4,4,4,3,No,3,2,0,No
EMP1431,41,Male,Divorced,2,Lucknow,Bachelors,Research & Development,Support Staff,8,0,33577,13.1,2,3,1,4,2,Yes,1,5,2,No
EMP1432,39,Male,Married,26,Jaipur,PhD,Economics,Associate Professor,13,10,83934,17.4,0,3,3,2,3,No,3,6,6,Yes
EMP1433,38,Male,Divorced,16,Vadodara,PhD,Physics,Associate Professor,0,0,91892,12.1,2,3,2,3,2,No,3,1,12,No
EMP1434,29,Female,Single,7,Nagpur,PhD,Physics,Associate Professor,6,6,77519,12.1,1,4,4,2,4,Yes,1,1,2,Yes
EMP1435,33,Female,Single,0,Jaipur,PhD,Computer Science,Lecturer,11,3,38404,15.0,1,3,4,2,4,No,4,3,2,Yes
EMP1436,38,Female,Single,8,Jaipur,Masters,Biology,Lecturer,12,5,60769,12.2,1,1,3,4,3,No,3,2,2,No
EMP1437,24,Female,Divorced,21,Mumbai,Diploma,Civil Engineering,Administrative Officer,2,2,35087,14.5,1,2,2,3,2,No,1,4,3,No
EMP1438,34,Male,Single,3,Delhi,PhD,History,Research Scholar,4,2,32931,16.3,0,4,3,2,3,No,1,1,1,Yes
EMP1439,22,Male,Single,2,Hyderabad,Masters,Civil Engineering,Lecturer,0,0,46989,10.7,1,1,2,4,2,Yes,1,5,0,Yes
EMP1440,48,Female,Divorced,48,Bangalore,PhD,Research & Development,Associate Professor,15,4,105352,0.0,1,3,4,3,3,Yes,1,6,0,Yes
EMP1441,51,Male,Married,1,Indore,PhD,History,Professor,10,2,136419,8.7,1,3,2,4,1,No,1,1,0,No
EMP1442,22,Female,Single,2,Jaipur,Masters,Physics,Lecturer,0,0,51048,16.8,0,4,3,1,1,Yes,2,0,0,No
EMP1443,44,Male,Married,8,Patna,PhD,Physics,Professor,13,3,67937,11.9,3,3,2,3,4,Yes,1,4,1,No
EMP1444,35,Female,Divorced,7,Lucknow,PhD,Administration,Administrative Officer,10,1,49074,10.6,1,4,4,1,3,No,1,5,0,Yes
EMP1445,39,Male,Married,38,Pune,PhD,Management,Lab Assistant,12,0,61160,16.7,0,4,3,2,2,Yes,1,3,0,Yes
EMP1446,44,Female,Single,3,Mumbai,Diploma,Mechanical Engineering,Lab Assistant,5,4,40409,11.6,1,1,4,2,2,Yes,3,1,4,No
EMP1447,44,Male,Married,26,Kanpur,Bachelors,History,Research Scholar,4,4,26261,3.6,2,4,4,1,1,No,2,0,3,No
EMP1448,32,Male,Married,10,Mumbai,Diploma,Mathematics,Research Scholar,3,0,40520,6.0,2,2,2,1,1,Yes,1,3,3,Yes
EMP1449,26,Male,Single,9,Bangalore,PhD,Electrical Engineering,Assistant Professor,4,4,58312,13.7,1,1,3,1,4,Yes,2,6,2,No
EMP1450,34,Male,Single,3,Chennai,Masters,Economics,Research Scholar,3,3,42972,11.7,2,1,2,4,3,No,1,2,1,No
EMP1451,37,Male,Married,12,Bhopal,PhD,Library,Librarian,13,6,31380,17.8,0,2,3,1,1,No,4,1,0,Yes
EMP1452,49,Female,Divorced,0,Bangalore,PhD,Physics,Associate Professor,2,0,91793,9.1,1,2,1,4,2,Yes,2,3,0,Yes
EMP1453,40,Male,Single,1,Jaipur,Bachelors,Electrical Engineering,Support Staff,8,3,29606,10.8,2,4,4,2,2,Yes,3,5,6,No
EMP1454,36,Female,Single,24,Coimbatore,PhD,Physics,Professor,12,4,138080,8.5,2,4,1,3,3,No,4,0,0,No
EMP1455,29,Male,Divorced,13,Kolkata,Masters,Mathematics,Assistant Professor,5,5,51651,9.9,1,2,3,1,2,Yes,2,6,0,No
EMP1456,35,Female,Married,7,Visakhapatnam,PhD,Physics,Professor,2,1,101637,4.4,2,3,3,2,4,No,1,2,3,Yes
EMP1457,43,Male,Divorced,16,Pune,PhD,Physics,Professor,10,10,90411,10.5,0,1,1,2,4,No,4,3,6,No
EMP1458,32,Female,Single,29,Bangalore,Masters,Administration,Support Staff,9,2,37073,11.8,2,1,2,4,2,No,2,1,4,No
EMP1459,28,Female,Single,50,Visakhapatnam,Masters,Research & Development,Administrative Officer,6,0,36678,11.5,0,2,4,2,4,No,4,1,3,No
EMP1460,34,Female,Married,19,Bhopal,PhD,Chemistry,Associate Professor,9,5,77677,20.6,0,1,3,2,1,No,1,3,2,Yes
EMP1461,29,Female,Single,3,Pune,Masters,Research & Development,Research Scholar,0,0,38820,19.3,0,2,2,1,4,No,1,6,0,Yes
EMP1462,35,Female,Married,34,Delhi,PhD,Computer Science,Associate Professor,8,8,79608,9.0,1,3,4,2,2,Yes,3,3,1,Yes
EMP1463,34,Female,Divorced,5,Bangalore,Diploma,Administration,Administrative Officer,5,3,36367,3.8,0,4,4,1,4,No,5,1,0,No
EMP1464,37,Male,Divorced,10,Patna,Masters,Electrical Engineering,Administrative Officer,8,0,49838,11.6,0,2,3,3,2,Yes,2,0,1,No
EMP1465,37,Male,Divorced,20,Nagpur,PhD,Economics,Research Scholar,9,7,28710,13.5,0,4,4,2,4,Yes,4,6,3,No
EMP1466,41,Male,Divorced,2,Delhi,Masters,Mathematics,Assistant Professor,12,5,66325,8.6,0,4,3,2,1,No,1,5,3,No
EMP1467,44,Female,Single,27,Kanpur,PhD,Mathematics,Assistant Professor,7,0,66064,8.8,1,3,3,2,1,Yes,1,1,3,Yes
EMP1468,54,Male,Divorced,26,Bangalore,PhD,Economics,Associate Professor,9,7,87724,18.3,1,3,3,3,4,No,1,0,5,No
EMP1469,44,Female,Married,19,Visakhapatnam,PhD,Management,Technical Staff,12,6,37479,11.0,0,4,3,4,3,Yes,1,1,1,No
EMP1470,35,Female,Single,4,Pune,PhD,Biology,Professor,8,0,135865,14.6,2,3,1,2,4,Yes,3,6,0,No
EMP1471,35,Male,Married,6,Bangalore,PhD,History,Associate Professor,6,3,93322,8.3,2,3,4,4,1,No,2,1,6,Yes
EMP1472,60,Male,Divorced,16,Kolkata,Diploma,Mechanical Engineering,Lab Assistant,17,3,39149,11.8,2,3,3,4,4,No,2,2,4,No
EMP1473,39,Female,Single,9,Visakhapatnam,Diploma,Administration,Administrative Officer,6,1,54618,10.7,0,3,3,1,2,No,2,2,1,No
EMP1474,41,Male,Divorced,3,Kanpur,Masters,Management,Research Scholar,7,2,34203,9.3,2,2,2,2,2,Yes,1,0,0,No
EMP1475,29,Female,Married,8,Hyderabad,PhD,English,Associate Professor,7,4,92520,16.6,0,3,3,2,3,No,1,4,2,No
EMP1476,25,Male,Single,1,Lucknow,PhD,History,Associate Professor,2,2,102111,6.4,0,3,2,1,3,No,1,3,15,No
EMP1477,45,Male,Divorced,16,Mumbai,Bachelors,Electrical Engineering,Librarian,6,1,25000,13.2,0,1,4,1,2,Yes,3,2,4,Yes
EMP1478,37,Male,Married,21,Visakhapatnam,PhD,English,Assistant Professor,7,4,69889,10.6,2,2,3,2,1,Yes,1,4,14,No
EMP1479,27,Male,Divorced,6,Nagpur,Masters,History,Lecturer,5,5,45576,13.7,0,3,4,2,4,No,1,3,1,Yes
EMP1480,28,Female,Married,8,Bhopal,PhD,Biology,Research Scholar,4,0,37357,10.6,0,2,4,4,4,No,4,1,0,No
EMP1481,26,Female,Single,22,Indore,PhD,Library,Librarian,3,1,36060,15.5,0,2,2,3,4,No,1,0,3,Yes
EMP1482,36,Female,Divorced,2,Indore,Diploma,Research & Development,Research Scholar,13,5,32937,8.2,2,2,4,2,2,Yes,1,6,2,Yes
EMP1483,33,Female,Single,7,Jaipur,Bachelors,Library,Librarian,8,1,31872,16.6,1,4,4,2,1,Yes,2,1,3,Yes
EMP1484,30,Female,Single,20,Jaipur,Diploma,Mechanical Engineering,Research Scholar,4,4,35081,11.9,0,2,4,2,1,Yes,1,6,2,No
EMP1485,33,Male,Divorced,4,Mumbai,Diploma,Electrical Engineering,Lab Assistant,5,2,39243,6.7,1,4,3,4,1,No,3,4,0,No
EMP1486,39,Male,Divorced,1,Nagpur,PhD,Computer Science,Assistant Professor,7,5,64506,14.7,1,3,2,1,3,No,3,3,2,Yes
EMP1487,31,Female,Divorced,24,Lucknow,PhD,Mechanical Engineering,Associate Professor,6,4,102927,11.2,1,2,1,2,3,No,1,6,1,No
EMP1488,43,Female,Single,13,Patna,Bachelors,Management,Support Staff,2,1,36819,5.2,0,2,1,2,3,No,2,6,0,Yes
EMP1489,28,Male,Single,17,Kolkata,Masters,Chemistry,Research Scholar,3,3,43369,13.3,2,2,1,4,4,Yes,2,0,1,No
EMP1490,30,Female,Married,0,Kolkata,PhD,Biology,Associate Professor,8,7,73392,16.0,0,3,2,3,1,Yes,2,1,2,No
EMP1491,30,Male,Divorced,36,Patna,PhD,Chemistry,Associate Professor,2,2,86039,17.1,1,2,1,4,1,Yes,1,0,1,No
EMP1492,32,Male,Single,32,Mumbai,PhD,Mathematics,Research Scholar,5,4,43268,10.5,0,4,1,3,1,Yes,2,2,0,No
EMP1493,33,Male,Divorced,6,Nagpur,PhD,Chemistry,Associate Professor,10,7,80207,12.6,0,3,1,1,2,No,4,4,0,No
EMP1494,22,Male,Divorced,8,Coimbatore,PhD,Civil Engineering,Associate Professor,0,0,92633,12.2,0,1,2,2,3,Yes,3,6,1,Yes
EMP1495,36,Male,Single,6,Nagpur,Diploma,Research & Development,Technical Staff,11,6,44660,18.0,1,3,2,4,1,Yes,2,6,4,No
EMP1496,36,Female,Single,27,Nagpur,Masters,Management,Lecturer,10,6,54972,8.8,0,3,1,4,1,Yes,1,3,1,No
EMP1497,30,Male,Single,15,Bhopal,PhD,English,Professor,8,1,145832,10.1,2,3,4,3,4,Yes,2,4,0,Yes
EMP1498,43,Female,Single,50,Visakhapatnam,Diploma,Library,Librarian,4,0,39265,8.7,0,3,2,1,4,Yes,4,3,2,Yes
EMP1499,26,Male,Single,3,Indore,Masters,Physics,Lecturer,4,0,48827,6.2,1,1,3,2,3,Yes,1,4,0,Yes
EMP1500,42,Female,Divorced,19,Jaipur,Bachelors,Economics,Research Scholar,9,0,35861,13.0,2,4,3,4,4,No,5,4,3,Yes
EMP1501,32,Female,Single,7,Mumbai,Masters,Mathematics,Lecturer,4,4,59841,18.4,1,2,1,1,1,Yes,3,3,0,No
EMP1502,39,Female,Divorced,2,Lucknow,Masters,Mechanical Engineering,Lab Assistant,9,3,29767,11.2,2,3,1,1,4,No,3,1,0,No
EMP1503,34,Female,Divorced,16,Indore,PhD,Biology,Assistant Professor,7,7,71864,8.5,1,4,1,4,4,No,5,6,0,No
EMP1504,30,Male,Single,12,Chennai,Masters,Physics,Assistant Professor,8,4,51103,12.7,0,4,2,3,4,No,1,6,1,No
EMP1505,37,Female,Divorced,21,Indore,Diploma,Management,Technical Staff,8,5,41532,14.4,2,4,2,1,4,No,1,3,3,No
EMP1506,45,Female,Married,6,Chennai,PhD,English,Professor,14,13,97530,11.4,0,2,3,3,1,No,1,3,4,No
EMP1507,50,Female,Married,12,Kanpur,PhD,English,Associate Professor,4,0,82931,17.6,1,2,3,1,1,No,4,0,4,Yes
EMP1508,34,Female,Single,0,Indore,Diploma,Economics,Research Scholar,5,5,33838,8.8,2,3,1,4,1,No,3,3,10,No
EMP1509,54,Male,Married,8,Bangalore,Masters,Mathematics,Assistant Professor,9,3,54043,10.9,0,2,3,3,4,Yes,1,3,0,No
EMP1510,31,Male,Married,21,Vadodara,PhD,Biology,Assistant Professor,9,4,55944,13.2,0,1,1,3,3,Yes,1,4,2,Yes
EMP1511,44,Male,Married,0,Vadodara,Bachelors,Administration,Support Staff,7,2,27353,13.6,1,4,3,2,4,No,3,2,1,No
EMP1512,32,Male,Single,50,Delhi,Masters,Mechanical Engineering,Technical Staff,4,4,37387,12.2,2,4,2,4,3,No,4,4,2,No
EMP1513,25,Female,Married,5,Bhopal,PhD,Physics,Associate Professor,0,0,104350,6.9,3,4,4,3,1,Yes,1,6,1,Yes
EMP1514,36,Female,Divorced,6,Ahmedabad,Masters,Physics,Research Scholar,11,0,36498,21.4,1,4,2,1,2,Yes,3,0,0,No
EMP1515,34,Female,Married,17,Jaipur,Masters,Economics,Lecturer,9,1,51450,11.1,1,2,2,3,2,Yes,2,2,2,No
EMP1516,30,Male,Divorced,34,Bangalore,Diploma,Library,Librarian,8,4,46722,12.4,3,1,1,1,3,No,1,6,1,No
EMP1517,41,Female,Married,21,Bangalore,PhD,Mechanical Engineering,Associate Professor,12,1,81360,14.5,0,2,2,1,1,No,1,3,2,Yes
EMP1518,34,Male,Married,50,Visakhapatnam,PhD,English,Lecturer,7,0,49161,9.5,0,2,2,1,2,Yes,1,2,0,Yes
EMP1519,31,Male,Married,0,Kolkata,PhD,Management,Lab Assistant,9,2,40397,12.2,2,3,4,4,2,No,3,6,2,No
EMP1520,33,Female,Married,41,Chennai,PhD,Computer Science,Professor,11,3,123235,9.3,2,2,3,4,3,No,5,6,1,No
EMP1521,43,Male,Married,0,Kanpur,PhD,History,Lecturer,11,5,56489,13.7,2,1,2,3,2,Yes,1,3,1,No
EMP1522,44,Female,Single,2,Bangalore,PhD,Biology,Lecturer,6,6,48504,10.9,1,3,4,1,2,No,2,4,4,No
EMP1523,47,Female,Married,3,Lucknow,PhD,Electrical Engineering,Professor,1,1,112546,13.1,0,2,4,2,1,No,1,1,1,Yes
EMP1524,24,Male,Single,0,Hyderabad,Masters,Physics,Research Scholar,2,0,26592,7.8,1,4,3,4,4,Yes,2,2,2,No
EMP1525,27,Female,Married,10,Ahmedabad,Masters,Chemistry,Lecturer,5,1,63249,8.7,0,4,4,2,1,Yes,1,4,3,No
EMP1526,32,Female,Single,8,Chennai,PhD,Biology,Professor,8,4,119152,6.5,0,4,3,2,1,No,5,1,1,Yes
EMP1527,22,Female,Married,11,Patna,PhD,Library,Librarian,0,0,39723,9.2,2,2,2,2,3,No,2,5,5,Yes
EMP1528,29,Female,Single,5,Jaipur,Masters,Civil Engineering,Lecturer,7,4,53838,1.7,0,4,2,4,2,Yes,2,2,0,No
EMP1529,31,Female,Single,3,Indore,Masters,English,Lecturer,5,3,62065,10.8,2,4,2,3,4,Yes,1,5,8,No
EMP1530,24,Female,Single,18,Jaipur,PhD,Mathematics,Professor,2,2,139513,9.9,1,3,2,4,3,Yes,1,0,0,No
EMP1531,27,Female,Married,13,Kolkata,PhD,History,Associate Professor,5,3,73380,12.6,1,2,3,2,4,No,1,3,4,Yes
EMP1532,33,Female,Single,7,Jaipur,PhD,Biology,Assistant Professor,11,0,96376,12.2,0,4,3,3,4,No,6,2,1,No
EMP1533,36,Female,Single,7,Delhi,PhD,English,Associate Professor,3,1,75453,17.0,0,1,2,2,1,Yes,1,1,2,Yes
EMP1534,38,Male,Divorced,1,Chennai,PhD,Economics,Professor,0,0,97478,22.4,0,1,4,3,4,No,3,3,2,No
EMP1535,35,Male,Single,19,Hyderabad,PhD,English,Associate Professor,10,9,82773,16.6,3,2,2,3,2,Yes,3,4,1,No
EMP1536,34,Male,Single,11,Chennai,Bachelors,Administration,Administrative Officer,12,0,44159,10.2,2,1,3,1,4,No,4,4,4,Yes
EMP1537,31,Male,Single,22,Kolkata,PhD,Mathematics,Lecturer,3,1,34718,10.0,1,1,3,1,4,No,3,5,4,Yes
EMP1538,28,Male,Divorced,0,Indore,PhD,Biology,Professor,5,0,120646,15.5,0,4,1,4,3,Yes,4,1,5,Yes
EMP1539,36,Male,Single,18,Chennai,PhD,History,Assistant Professor,3,3,80354,5.3,3,3,4,4,3,Yes,1,2,1,No
EMP1540,42,Male,Married,50,Bhopal,PhD,Economics,Lecturer,6,6,47665,10.7,0,1,4,3,2,No,2,5,3,Yes
EMP1541,42,Female,Married,5,Patna,PhD,Mechanical Engineering,Lecturer,4,0,40231,11.0,0,1,3,4,4,Yes,2,6,1,Yes
EMP1542,34,Male,Divorced,50,Chennai,Masters,Research & Development,Research Scholar,9,9,27440,14.3,1,4,3,1,1,Yes,2,4,2,No
EMP1543,37,Female,Single,20,Hyderabad,Masters,Economics,Assistant Professor,5,4,63422,14.5,3,1,1,1,4,Yes,2,6,5,No
EMP1544,23,Male,Single,11,Jaipur,Masters,History,Assistant Professor,1,1,54728,9.0,0,3,3,2,2,Yes,1,0,1,No
EMP1545,29,Male,Married,3,Indore,PhD,Management,Professor,5,5,105630,10.3,0,4,1,1,2,No,3,3,4,No
EMP1546,25,Female,Married,29,Pune,Bachelors,Civil Engineering,Support Staff,3,3,40261,13.8,3,4,3,1,2,Yes,3,0,0,Yes
EMP1547,22,Male,Divorced,5,Visakhapatnam,PhD,Chemistry,Associate Professor,0,0,101403,8.8,0,2,2,4,2,Yes,2,2,3,Yes
EMP1548,40,Female,Single,2,Lucknow,PhD,Mathematics,Associate Professor,3,3,92991,16.8,0,4,4,1,4,Yes,2,1,1,No
EMP1549,41,Female,Single,14,Patna,PhD,English,Professor,0,0,139106,14.4,1,4,4,3,1,No,1,3,0,No
